"id","name","code","user_type_id/id","chart_template_id/id","reconcile"
"account_account_template_0_1","ACTIVO","1","account.data_account_type_current_assets","l10n_chart_sv.account_chart_template_0","FALSE"
"account_account_template_0_11","CORRIENTE","11","account.data_account_type_current_assets","l10n_chart_sv.account_chart_template_0","FALSE"
"account_account_template_0_1101","Efectivo y Equivalentes de efectivo","1101","account.data_account_type_liquidity","l10n_chart_sv.account_chart_template_0","FALSE"
"account_account_template_0_110101","Caja","110101","account.data_account_type_liquidity","l10n_chart_sv.account_chart_template_0","FALSE"
"account_account_template_0_11010101","Caja General","11010101","account.data_account_type_current_assets","l10n_chart_sv.account_chart_template_0","TRUE"
"account_account_template_0_110102","Bancos","110102","account.data_account_type_liquidity","l10n_chart_sv.account_chart_template_0","FALSE"
"account_account_template_0_11010201","Depositos en Cuenta Corriente","11010201","account.data_account_type_liquidity","l10n_chart_sv.account_chart_template_0","FALSE"
"account_account_template_0_1101020101","Banco de America Central Sa", "1101020101","account.data_account_type_liquidity","l10n_chart_sv.account_chart_template_0","FALSE"
"account_account_template_0_11010202","Depositos en Cuenta de Ahorro","11010202","account.data_account_type_liquidity","l10n_chart_sv.account_chart_template_0","FALSE"
"account_account_template_0_11010203","Depositos a Plazo Fijo","11010203","account.data_account_type_liquidity","l10n_chart_sv.account_chart_template_0","FALSE"
"account_account_template_0_110103","Bitcoin como medio de Pago","110103","account.data_account_type_liquidity","l10n_chart_sv.account_chart_template_0","FALSE"
"account_account_template_0_11010301","Bitcoin como medio de Pago","11010301","account.data_account_type_liquidity","l10n_chart_sv.account_chart_template_0","FALSE"
"account_account_template_0_1102","Inversiones","1102","account.data_account_type_current_assets","l10n_chart_sv.account_chart_template_0","FALSE"
"account_account_template_0_110201","Inversiones Temporales","110201","account.data_account_type_current_assets","l10n_chart_sv.account_chart_template_0","FALSE"
"account_account_template_0_11020101","Acciones de otras Empresas","11020101","account.data_account_type_current_assets","l10n_chart_sv.account_chart_template_0","FALSE"
"account_account_template_0_11020102","Bonos","11020102","account.data_account_type_current_assets","l10n_chart_sv.account_chart_template_0","FALSE"
"account_account_template_0_11020103","Cedulas Hipotecarias","11020103","account.data_account_type_current_assets","l10n_chart_sv.account_chart_template_0","FALSE"
"account_account_template_0_11020104","Inversiones en Bitcoin","11020104","account.data_account_type_current_assets","l10n_chart_sv.account_chart_template_0","FALSE"
"account_account_template_0_1103","Cuentas y Documentos Por Cobrar","1103","account.data_account_type_receivable","l10n_chart_sv.account_chart_template_0","TRUE"
"account_account_template_0_110301","Cuentas por Cobrar Comerciales","110301","account.data_account_type_receivable","l10n_chart_sv.account_chart_template_0","TRUE"
"account_account_template_0_11030101","Clientes Locales","11030101","account.data_account_type_receivable","l10n_chart_sv.account_chart_template_0","TRUE"
"account_account_template_0_11030102","Clientes del Exterior","11030102","account.data_account_type_receivable","l10n_chart_sv.account_chart_template_0","TRUE"
"account_account_template_0_11030103","Cuentas por Cobrar en Bitcoin","11030103","account.data_account_type_receivable","l10n_chart_sv.account_chart_template_0","TRUE"
"account_account_template_0_110302","Cuentas por Cobrar No Comerciales","110302","account.data_account_type_receivable","l10n_chart_sv.account_chart_template_0","TRUE"
"account_account_template_0_110303","Cuentas por Cobrar a Empleados","110303","account.data_account_type_receivable","l10n_chart_sv.account_chart_template_0","TRUE"
"account_account_template_0_110304","Cuentas por Cobrar Accionistas y Relacionadas","110304","account.data_account_type_receivable","l10n_chart_sv.account_chart_template_0","TRUE"
"account_account_template_0_110305","Estimacion para cuentas Incobrables","110305","account.data_account_type_current_assets","l10n_chart_sv.account_chart_template_0","FALSE"
"account_account_template_0_1104","Inventarios","1104","account.data_account_type_current_assets","l10n_chart_sv.account_chart_template_0","TRUE"
"account_account_template_0_110401","Inventario de Productos Terminados","110401","account.data_account_type_current_assets","l10n_chart_sv.account_chart_template_0","FALSE"
"account_account_template_0_110402","Materia Prima","110402","account.data_account_type_current_assets","l10n_chart_sv.account_chart_template_0","FALSE"
"account_account_template_0_110403","Materiales Directos","110403","account.data_account_type_current_assets","l10n_chart_sv.account_chart_template_0","FALSE"
"account_account_template_0_110404","Materiales Indirectos","110404","account.data_account_type_current_assets","l10n_chart_sv.account_chart_template_0","FALSE"
"account_account_template_0_110405","Pedidos en Transito","110405","account.data_account_type_current_assets","l10n_chart_sv.account_chart_template_0","FALSE"
"account_account_template_0_110406","Estimacion por Obsolecencia de Inventario (R)","110406","account.data_account_type_current_assets","l10n_chart_sv.account_chart_template_0","FALSE"
"account_account_template_0_1105","Impuestos","1105","account.data_account_type_current_assets","l10n_chart_sv.account_chart_template_0","FALSE"
"account_account_template_0_110501","IVA Credito Fiscal","110501","account.data_account_type_current_assets","l10n_chart_sv.account_chart_template_0","FALSE"
"account_account_template_0_11050101","Declarado en el Periodo","11050101","account.data_account_type_current_assets","l10n_chart_sv.account_chart_template_0","FALSE"
"account_account_template_0_11050102","Pendiente de Aplicar","11050102","account.data_account_type_current_assets","l10n_chart_sv.account_chart_template_0","FALSE"
"account_account_template_0_11050103","IVA Retenido","11050103","account.data_account_type_current_assets","l10n_chart_sv.account_chart_template_0","FALSE"
"account_account_template_0_11050104","IVA Percibido","11050104","account.data_account_type_current_assets","l10n_chart_sv.account_chart_template_0","FALSE"
"account_account_template_0_11050105","Proporcionalidad del Credito Fiscal","11050105","account.data_account_type_current_assets","l10n_chart_sv.account_chart_template_0","FALSE"
"account_account_template_0_11050106","IVA Importacion de Servicios","11050106","account.data_account_type_current_assets","l10n_chart_sv.account_chart_template_0","FALSE"
"account_account_template_0_110502","Pago a Cuenta","110502","account.data_account_type_current_assets","l10n_chart_sv.account_chart_template_0","FALSE"
"account_account_template_0_11050201","Pago a Cuenta del Periodo","11050201","account.data_account_type_current_assets","l10n_chart_sv.account_chart_template_0","FALSE"
"account_account_template_0_11050202","Pago a Cuenta Remanente de Ejercicios Anteriores","11050202","account.data_account_type_current_assets","l10n_chart_sv.account_chart_template_0","FALSE"
"account_account_template_0_1106","Gastos Pagados Por Anticipados","1106","account.data_account_type_current_assets","l10n_chart_sv.account_chart_template_0","FALSE"
"account_account_template_0_110601","Gastos Pagados Por Anticipados","110601","account.data_account_type_current_assets","l10n_chart_sv.account_chart_template_0","FALSE"
"account_account_template_0_11060101","Depositos en Garantia","11060101","account.data_account_type_current_assets","l10n_chart_sv.account_chart_template_0","FALSE"
"account_account_template_0_11060102","Arrendamientos Operativos","11060102","account.data_account_type_current_assets","l10n_chart_sv.account_chart_template_0","FALSE"
"account_account_template_0_11060103","Seguros","11060103","account.data_account_type_current_assets","l10n_chart_sv.account_chart_template_0","FALSE"
"account_account_template_0_11060104","Suministros de Oficinas","11060104","account.data_account_type_current_assets","l10n_chart_sv.account_chart_template_0","FALSE"
"account_account_template_0_11060105","Publicidad y Propaganda","11060105","account.data_account_type_current_assets","l10n_chart_sv.account_chart_template_0","FALSE"
"account_account_template_0_12","NO CORRIENTE","12","account.data_account_type_non_current_assets","l10n_chart_sv.account_chart_template_0","FALSE"
"account_account_template_0_1201","Bienes Muebles e Inmuebles","1201","account.data_account_type_fixed_assets","l10n_chart_sv.account_chart_template_0","FALSE"
"account_account_template_0_120101","Propiedad, Planta y Equipo","120101","account.data_account_type_fixed_assets","l10n_chart_sv.account_chart_template_0","FALSE"
"account_account_template_0_12010101","Mobiliario y Equipo","12010101","account.data_account_type_fixed_assets","l10n_chart_sv.account_chart_template_0","FALSE"
"account_account_template_0_12010102","Maquinaria y Equipo","12010102","account.data_account_type_fixed_assets","l10n_chart_sv.account_chart_template_0","FALSE"
"account_account_template_0_12010103","Equipo de Transporte","12010103","account.data_account_type_fixed_assets","l10n_chart_sv.account_chart_template_0","FALSE"
"account_account_template_0_12010104","Terrenos","12010104","account.data_account_type_fixed_assets","l10n_chart_sv.account_chart_template_0","FALSE"
"account_account_template_0_12010105","Edificaciones","12010105","account.data_account_type_fixed_assets","l10n_chart_sv.account_chart_template_0","FALSE"
"account_account_template_0_12010106","Instalaciones","12010106","account.data_account_type_fixed_assets","l10n_chart_sv.account_chart_template_0","FALSE"
"account_account_template_0_12010107","Mejoras en Propiedad, Planta y Equipo","12010107","account.data_account_type_fixed_assets","l10n_chart_sv.account_chart_template_0","FALSE"
"account_account_template_0_120102","Propiedades de Inversion","120102","account.data_account_type_non_current_assets","l10n_chart_sv.account_chart_template_0","FALSE"
"account_account_template_0_12010201","Maquinaria y Equipo","12010201","account.data_account_type_fixed_assets","l10n_chart_sv.account_chart_template_0","FALSE"
"account_account_template_0_12010202","Equipo de Transporte","12010202","account.data_account_type_fixed_assets","l10n_chart_sv.account_chart_template_0","FALSE"
"account_account_template_0_12010203","Terrenos","12010203","account.data_account_type_fixed_assets","l10n_chart_sv.account_chart_template_0","FALSE"
"account_account_template_0_12010204","Edificaciones","12010204","account.data_account_type_fixed_assets","l10n_chart_sv.account_chart_template_0","FALSE"
"account_account_template_0_12010205","Mejoras en Propiedades de Inversion","12010205","account.data_account_type_fixed_assets","l10n_chart_sv.account_chart_template_0","FALSE"
"account_account_template_0_120103","Bienes en Arrendamiento Financiero","120103","account.data_account_type_fixed_assets","l10n_chart_sv.account_chart_template_0","FALSE"
"account_account_template_0_12010301","Maquinaria y Equipo","12010301","account.data_account_type_fixed_assets","l10n_chart_sv.account_chart_template_0","FALSE"
"account_account_template_0_12010302","Equipo de Transporte","12010302","account.data_account_type_fixed_assets","l10n_chart_sv.account_chart_template_0","FALSE"
"account_account_template_0_12010303","Terrenos","12010303","account.data_account_type_fixed_assets","l10n_chart_sv.account_chart_template_0","FALSE"
"account_account_template_0_12010304","Edificaciones","12010304","account.data_account_type_fixed_assets","l10n_chart_sv.account_chart_template_0","FALSE"
"account_account_template_0_12010305","Mejoras en Bienes en Arrendamiento Financiero","12010305","account.data_account_type_fixed_assets","l10n_chart_sv.account_chart_template_0","FALSE"
"account_account_template_0_1202","Depreciacion Acumulada de Bienes Muebles e Inmuebles (R)","1202","account.data_account_type_fixed_assets","l10n_chart_sv.account_chart_template_0","FALSE"
"account_account_template_0_120201","Depreciacion Acumulada de Propiedad, Planta y Equipo (R)","120201","account.data_account_type_fixed_assets","l10n_chart_sv.account_chart_template_0","FALSE"
"account_account_template_0_12020101","Mobiliario y Equipo","12020101","account.data_account_type_fixed_assets","l10n_chart_sv.account_chart_template_0","FALSE"
"account_account_template_0_12020102","Maquinaria y Equipo","12020102","account.data_account_type_fixed_assets","l10n_chart_sv.account_chart_template_0","FALSE"
"account_account_template_0_12020103","Equipo de Transporte","12020103","account.data_account_type_fixed_assets","l10n_chart_sv.account_chart_template_0","FALSE"
"account_account_template_0_12020104","Terrenos","12020104","account.data_account_type_fixed_assets","l10n_chart_sv.account_chart_template_0","FALSE"
"account_account_template_0_12020105","Edificaciones","12020105","account.data_account_type_fixed_assets","l10n_chart_sv.account_chart_template_0","FALSE"
"account_account_template_0_12020106","Instalaciones","12020106","account.data_account_type_fixed_assets","l10n_chart_sv.account_chart_template_0","FALSE"
"account_account_template_0_120202","Depreciacion Acumulada de Bienes en Arrendamiento Financiero (R)","120202","account.data_account_type_fixed_assets","l10n_chart_sv.account_chart_template_0","FALSE"
"account_account_template_0_12020201","Maquinaria y Equipo","12020201","account.data_account_type_fixed_assets","l10n_chart_sv.account_chart_template_0","FALSE"
"account_account_template_0_12020202","Equipo de Transporte","12020202","account.data_account_type_fixed_assets","l10n_chart_sv.account_chart_template_0","FALSE"
"account_account_template_0_12020203","Edificaciones","12020203","account.data_account_type_fixed_assets","l10n_chart_sv.account_chart_template_0","FALSE"
"account_account_template_0_1203","Revaluaciones","1203","account.data_account_type_fixed_assets","l10n_chart_sv.account_chart_template_0","FALSE"
"account_account_template_0_120301","Revaluaciones de Propiedad Planta y Equipo","120301","account.data_account_type_fixed_assets","l10n_chart_sv.account_chart_template_0","FALSE"
"account_account_template_0_12030101","Terrenos","12030101","account.data_account_type_fixed_assets","l10n_chart_sv.account_chart_template_0","FALSE"
"account_account_template_0_12030102","Edifciaciones","12030102","account.data_account_type_fixed_assets","l10n_chart_sv.account_chart_template_0","FALSE"
"account_account_template_0_12030103","Mejoras en Propiedad Planta y Equipo","12030103","account.data_account_type_fixed_assets","l10n_chart_sv.account_chart_template_0","FALSE"
"account_account_template_0_12030104","Instalaciones","12030104","account.data_account_type_fixed_assets","l10n_chart_sv.account_chart_template_0","FALSE"
"account_account_template_0_12030105","Maquinaria y Equipo","12030105","account.data_account_type_fixed_assets","l10n_chart_sv.account_chart_template_0","FALSE"
"account_account_template_0_12030106","Equipo de Transporte","12030106","account.data_account_type_fixed_assets","l10n_chart_sv.account_chart_template_0","FALSE"
"account_account_template_0_12030107","Mobiliario y Equipo","12030107","account.data_account_type_fixed_assets","l10n_chart_sv.account_chart_template_0","FALSE"
"account_account_template_0_12030108","Herramientas y Accesorios","12030108","account.data_account_type_fixed_assets","l10n_chart_sv.account_chart_template_0","FALSE"
"account_account_template_0_120302","Revaluaciones de Propiedades de Inversion","120302","account.data_account_type_fixed_assets","l10n_chart_sv.account_chart_template_0","FALSE"
"account_account_template_0_12030201","Terrenos","12030201","account.data_account_type_fixed_assets","l10n_chart_sv.account_chart_template_0","FALSE"
"account_account_template_0_12030202","Edificaciones","12030202","account.data_account_type_fixed_assets","l10n_chart_sv.account_chart_template_0","FALSE"
"account_account_template_0_12030203","Mejoras en Propiedades de Inversion","12030203","account.data_account_type_fixed_assets","l10n_chart_sv.account_chart_template_0","FALSE"
"account_account_template_0_12030204","Maquinaria y Equipo","12030204","account.data_account_type_fixed_assets","l10n_chart_sv.account_chart_template_0","FALSE"
"account_account_template_0_12030205","Equipo de Transporte","12030205","account.data_account_type_fixed_assets","l10n_chart_sv.account_chart_template_0","FALSE"
"account_account_template_0_120303","Revaluaciones de Bienes en Arrendamiento Financiero","120303","account.data_account_type_fixed_assets","l10n_chart_sv.account_chart_template_0","FALSE"
"account_account_template_0_12030301","Terrenos","12030301","account.data_account_type_fixed_assets","l10n_chart_sv.account_chart_template_0","FALSE"
"account_account_template_0_12030302","Edificaciones","12030302","account.data_account_type_fixed_assets","l10n_chart_sv.account_chart_template_0","FALSE"
"account_account_template_0_12030303","Mejoras en Bienes en Arrendamiento Financiero","12030303","account.data_account_type_fixed_assets","l10n_chart_sv.account_chart_template_0","FALSE"
"account_account_template_0_12030304","Maquinaria y Equipo","12030304","account.data_account_type_fixed_assets","l10n_chart_sv.account_chart_template_0","FALSE"
"account_account_template_0_12030305","Equipo de Transporte","12030305","account.data_account_type_fixed_assets","l10n_chart_sv.account_chart_template_0","FALSE"
"account_account_template_0_1204","Inversiones","1204","account.data_account_type_non_current_assets","l10n_chart_sv.account_chart_template_0","FALSE"
"account_account_template_0_120401","Inversiones Permanentes","120401","account.data_account_type_non_current_assets","l10n_chart_sv.account_chart_template_0","FALSE"
"account_account_template_0_12040101","Acciones de Otras Empresas","12040101","account.data_account_type_non_current_assets","l10n_chart_sv.account_chart_template_0","FALSE"
"account_account_template_0_12040102","Bonos","12040102","account.data_account_type_non_current_assets","l10n_chart_sv.account_chart_template_0","FALSE"
"account_account_template_0_12040103","Cedulas Hipotecarias","12040103","account.data_account_type_non_current_assets","l10n_chart_sv.account_chart_template_0","FALSE"
"account_account_template_0_12040104","Inversiones en Bitcoin","12040104","account.data_account_type_non_current_assets","l10n_chart_sv.account_chart_template_0","FALSE"
"account_account_template_0_120402","Fluctuacion en Inversiones Permanentes","120402","account.data_account_type_non_current_assets","l10n_chart_sv.account_chart_template_0","FALSE"
"account_account_template_0_12040201",'Acciones de Otras Empresas',"12040201","account.data_account_type_non_current_assets","l10n_chart_sv.account_chart_template_0","FALSE"
"account_account_template_0_12040202","Bonos","12040202","account.data_account_type_non_current_assets","l10n_chart_sv.account_chart_template_0","FALSE"
"account_account_template_0_12040203","Cedulas Hipotecarias","12040203","account.data_account_type_non_current_assets","l10n_chart_sv.account_chart_template_0","FALSE"
"account_account_template_0_1205","Activos Intangibles","1205","account.data_account_type_non_current_assets","l10n_chart_sv.account_chart_template_0","FALSE"
"account_account_template_0_120501","Intangibles","120501","account.data_account_type_non_current_assets","l10n_chart_sv.account_chart_template_0","FALSE"
"account_account_template_0_12050101","Gastos de Organizacion","12050101","account.data_account_type_non_current_assets","l10n_chart_sv.account_chart_template_0","FALSE"
"account_account_template_0_12050102","Derechos de Marca","12050102","account.data_account_type_non_current_assets","l10n_chart_sv.account_chart_template_0","FALSE"
"account_account_template_0_12050103","Credito Mercantil","12050103","account.data_account_type_non_current_assets","l10n_chart_sv.account_chart_template_0","FALSE"
"account_account_template_0_12050104","Licencias y Programas","12050104","account.data_account_type_non_current_assets","l10n_chart_sv.account_chart_template_0","FALSE"
"account_account_template_0_12050105","Amortizacion de Activos Intangibles","12050105","account.data_account_type_non_current_assets","l10n_chart_sv.account_chart_template_0","FALSE"
"account_account_template_0_1206","Cuentas por Cobrar a Largo Plazo","1206","account.data_account_type_non_current_assets","l10n_chart_sv.account_chart_template_0","FALSE"
"account_account_template_0_120601","Clientes Locales","120601","account.data_account_type_non_current_assets","l10n_chart_sv.account_chart_template_0","FALSE"
"account_account_template_0_120602","Clientes del Exterior","120602","account.data_account_type_non_current_assets","l10n_chart_sv.account_chart_template_0","FALSE"
"account_account_template_0_120603","Depositos en Garantia a Largo Plazo","120603","account.data_account_type_non_current_assets","l10n_chart_sv.account_chart_template_0","FALSE"
"account_account_template_0_1207","Diferencias Temporarias","1207","account.data_account_type_non_current_assets","l10n_chart_sv.account_chart_template_0","FALSE"
"account_account_template_0_120701","Activos por Impuestos Diferidos","120701","account.data_account_type_non_current_assets","l10n_chart_sv.account_chart_template_0","FALSE"
"account_account_template_0_2","PASIVOS","2","account.data_account_type_current_liabilities","l10n_chart_sv.account_chart_template_0","FALSE"
"account_account_template_0_21","CORRIENTE","21","account.data_account_type_current_liabilities","l10n_chart_sv.account_chart_template_0","FALSE"
"account_account_template_0_2101","Prestamos por Pagar a Corto Plazo","2101","account.data_account_type_current_liabilities","l10n_chart_sv.account_chart_template_0","FALSE"
"account_account_template_0_210101","Porcion Circulante de Prestamos por Pagar a Largo Plazo","210101","account.data_account_type_current_liabilities","l10n_chart_sv.account_chart_template_0","FALSE"
"account_account_template_0_210102","Prestamos de Corto Plazo","210102","account.data_account_type_current_liabilities","l10n_chart_sv.account_chart_template_0","FALSE"
"account_account_template_0_210103","Sobregiros Bancarios","210103","account.data_account_type_current_liabilities","l10n_chart_sv.account_chart_template_0","FALSE"
"account_account_template_0_2102","Cuentas y Documentos Por Pagar","2102","account.data_account_type_payable","l10n_chart_sv.account_chart_template_0","TRUE"
"account_account_template_0_210201","Cuentas por Pagar Comerciales","210201","account.data_account_type_payable","l10n_chart_sv.account_chart_template_0","TRUE"
"account_account_template_0_210202","Cuentas por Pagar No Comerciales","210202","account.data_account_type_payable","l10n_chart_sv.account_chart_template_0","TRUE"
"account_account_template_0_210203","Cuentas Por Pagar Accionistas","210203","account.data_account_type_current_liabilities","l10n_chart_sv.account_chart_template_0","FALSE"
"account_account_template_0_21020301","Prestamos Por Pagar","21020301","account.data_account_type_current_liabilities","l10nchart_sv.account_chart_template_0","FALSE"
"account_account_template_0_21020302","Dividendos Por Pagar","21020302","account.data_account_type_current_liabilities","l10n_chart_sv.account_chart_template_0","FALSE"
"account_account_template_0_210204","Cuentas Por Pagar Relacionadas","210204","account.data_account_type_current_liabilities","l10n_chart_sv.account_chart_template_0","FALSE"
"account_account_template_0_2103","Impuestos Por Pagar","2103","account.data_account_type_current_liabilities","l10n_chart_sv.account_chart_template_0","FALSE"
"account_account_template_0_210301","Impuestos Sobre La Renta","210301","account.data_account_type_current_liabilities","l10n_chart_sv.account_chart_template_0","FALSE"
"account_account_template_0_210302","Iva Debito Fiscal","210302","account.data_account_type_current_liabilities","l10n_chart_sv.account_chart_template_0","FALSE"
"account_account_template_0_210303","Impuestos Retenidos","210303","account.data_account_type_current_liabilities","l10n_chart_sv.account_chart_template_0","FALSE"
"account_account_template_0_21030301","Permanentes","21030301","account.data_account_type_current_liabilities","l10n_chart_sv.account_chart_template_0","FALSE"
"account_account_template_0_21030302","Eventuales","21030302","account.data_account_type_current_liabilities","l10n_chart_sv.account_chart_template_0","FALSE"
"account_account_template_0_21030303","No Domiciliados","21030303","account.data_account_type_current_liabilities","l10n_chart_sv.account_chart_template_0","FALSE"
"account_account_template_0_210304","Impuestos Municipales","210304","account.data_account_type_current_liabilities","l10n_chart_sv.account_chart_template_0","FALSE"
"account_account_template_0_210305","IVA Por Pagar","210305","account.data_account_type_current_liabilities","l10n_chart_sv.account_chart_template_0","FALSE"
"account_account_template_0_210306","IVA Importacion de Servicios","210306","account.data_account_type_current_liabilities","l10n_chart_sv.account_chart_template_0","FALSE"
"account_account_template_0_2104","Otras Cuentas Por Pagar y Gastos Acumulados Por Pagar","2104","account.data_account_type_current_liabilities","l10n_chart_sv.account_chart_template_0","FALSE"
"account_account_template_0_210401","Retenciones","210401","account.data_account_type_current_liabilities","l10n_chart_sv.account_chart_template_0","FALSE"
"account_account_template_0_21040101","I.S.S.S.","21040101","account.data_account_type_current_liabilities","l10n_chart_sv.account_chart_template_0","FALSE"
"account_account_template_0_21040102","A.F.P.'S.","21040102","account.data_account_type_current_liabilities","l10n_chart_sv.account_chart_template_0","FALSE"
"account_account_template_0_21040103","Procuraduria","21040103","account.data_account_type_current_liabilities","l10n_chart_sv.account_chart_template_0","FALSE"
"account_account_template_0_21040104","Prestamos Bancarios","21040104","account.data_account_type_current_liabilities","l10n_chart_sv.account_chart_template_0","FALSE"
"account_account_template_0_210402","Contribuciones Patronales de Seguro Y Pensiones","210402","account.data_account_type_current_liabilities","l10n_chart_sv.account_chart_template_0","FALSE"
"account_account_template_0_21040201","I.S.S.S.","21040201","account.data_account_type_current_liabilities","l10n_chart_sv.account_chart_template_0","FALSE"
"account_account_template_0_21040202","A.F.P.`S","21040202","account.data_account_type_current_liabilities","l10n_chart_sv.account_chart_template_0","FALSE"
"account_account_template_0_2105","Beneficio a Empleados Por Pagar","2105","account.data_account_type_current_liabilities","l10n_chart_sv.account_chart_template_0","FALSE"
"account_account_template_0_210501","Indemnizaciones","210501","account.data_account_type_current_liabilities","l10n_chart_sv.account_chart_template_0","FALSE"
"account_account_template_0_210502","Vacaciones","210502","account.data_account_type_current_liabilities","l10n_chart_sv.account_chart_template_0","FALSE"
"account_account_template_0_210503","Aguinaldos","210503","account.data_account_type_current_liabilities","l10n_chart_sv.account_chart_template_0","FALSE"
"account_account_template_0_210504","Planillas por pagar","210504","account.data_account_type_current_liabilities","l10n_chart_sv.account_chart_template_0","FALSE"
"account_account_template_0_2106","Otras Cuentas Por Pagar","2106","account.data_account_type_current_liabilities","l10n_chart_sv.account_chart_template_0","FALSE"
"account_account_template_0_210601","Criptomonedas en Custodia","210601","account.data_account_type_current_liabilities","l10n_chart_sv.account_chart_template_0","FALSE"
"account_account_template_0_22","NO CORRIENTE","22","account.data_account_type_non_current_liabilities","l10n_chart_sv.account_chart_template_0","FALSE"
"account_account_template_0_2201","Prestamos a Largo Plazo","2201","account.data_account_type_non_current_liabilities","l10n_chart_sv.account_chart_template_0","FALSE"
"account_account_template_0_220101","Prestamos Bancarios","220101","account.data_account_type_non_current_liabilities","l10n_chart_sv.account_chart_template_0","FALSE"
"account_account_template_0_22010101","Bandesal","22010101","account.data_account_type_non_current_liabilities","l10n_chart_sv.account_chart_template_0","FALSE"
"account_account_template_0_220102","Prestamos de Accionistas y Relacionadas","220102","account.data_account_type_non_current_liabilities","l10n_chart_sv.account_chart_template_0","FALSE"
"account_account_template_0_2202","Otros Pasivos y Provisiones","2202","account.data_account_type_non_current_liabilities","l10n_chart_sv.account_chart_template_0","FALSE"
"account_account_template_0_220201","Ingresos recibidos por Anticipado","220201","account.data_account_type_non_current_liabilities","l10n_chart_sv.account_chart_template_0","FALSE"
"account_account_template_0_220202","Beneficios a Empleados","220202","account.data_account_type_non_current_liabilities","l10n_chart_sv.account_chart_template_0","FALSE"
"account_account_template_0_22020201","Vacaciones","22020201","account.data_account_type_current_liabilities","l10n_chart_sv.account_chart_template_0","FALSE"
"account_account_template_0_22020202","Indemnizaciones","22020202","account.data_account_type_non_current_liabilities","l10n_chart_sv.account_chart_template_0","FALSE"
"account_account_template_0_2203","Diferencias Temporarias","2203","account.data_account_type_non_current_liabilities","l10n_chart_sv.account_chart_template_0","FALSE"
"account_account_template_0_220301","Pasivo por Impuesto Diferido","220301","account.data_account_type_non_current_liabilities","l10n_chart_sv.account_chart_template_0","FALSE"
"account_account_template_0_3","PATRIMONIO","3","account.data_account_type_equity","l10n_chart_sv.account_chart_template_0","FALSE"
"account_account_template_0_31","CAPITAL CONTABLE","31","account.data_account_type_equity","l10n_chart_sv.account_chart_template_0","FALSE"
"account_account_template_0_3101","Capital","3101","account.data_account_type_equity","l10n_chart_sv.account_chart_template_0","FALSE"
"account_account_template_0_310101","Capital Social","310101","account.data_account_type_equity","l10n_chart_sv.account_chart_template_0","FALSE"
"account_account_template_0_31010101","Capital Social Minimo","31010101","account.data_account_type_equity","l10n_chart_sv.account_chart_template_0","FALSE"
"account_account_template_0_31010102","Capital Social Variable","31010102","account.data_account_type_equity","l10n_chart_sv.account_chart_template_0","FALSE"
"account_account_template_0_3102","Reservas","3102","account.data_account_type_equity","l10n_chart_sv.account_chart_template_0","FALSE"
"account_account_template_0_310201","Reserva Legal","310201","account.data_account_type_equity","l10n_chart_sv.account_chart_template_0","FALSE"
"account_account_template_0_3103","Resultados Por Aplicar","3103","account.data_account_type_equity","l10n_chart_sv.account_chart_template_0","FALSE"
"account_account_template_0_310301","Utilidades de Ejercicios Anteriores","310301","account.data_account_type_equity","l10n_chart_sv.account_chart_template_0","FALSE"
"account_account_template_0_310302","Utilidad del Presente Ejercicio","310302","account.data_account_type_equity","l10n_chart_sv.account_chart_template_0","FALSE"
"account_account_template_0_310303","Perdida de Ejercicios Anteriores","310303","account.data_account_type_equity","l10n_chart_sv.account_chart_template_0","FALSE"
"account_account_template_0_310304","Perdida del Presente Ejercicio","310304","account.data_account_type_equity","l10n_chart_sv.account_chart_template_0","FALSE"
"account_account_template_0_3104","Super√†vit Por Revaluaciones","3104","account.data_account_type_equity","l10n_chart_sv.account_chart_template_0","FALSE"
"account_account_template_0_3105","Resultado Integral Neto","3105","account.data_account_type_equity","l10n_chart_sv.account_chart_template_0","FALSE"
"account_account_template_0_310501","Resultado Integral del Periodo","310501","account.data_account_type_equity","l10n_chart_sv.account_chart_template_0","FALSE"
"account_account_template_0_310502","Resultado Integral Neto de Ejercicios Anteriores","310502","account.data_account_type_equity","l10n_chart_sv.account_chart_template_0","FALSE"
"account_account_template_0_310503","Cambios de Valor Razonable de Bitcoin","310503","account.data_account_type_equity","l10n_chart_sv.account_chart_template_0","FALSE"
"account_account_template_0_4","CUENTAS DE RESULTADO DEUDORAS","4","account.data_account_type_expenses","l10n_chart_sv.account_chart_template_0","FALSE"
"account_account_template_0_41","COSTOS Y GASTOS DE OPERACION","41","account.data_account_type_expenses","l10n_chart_sv.account_chart_template_0","FALSE"
"account_account_template_0_4101",Costos,"4101","account.data_account_type_expenses","l10n_chart_sv.account_chart_template_0","FALSE"
"account_account_template_0_410101","Costo de Ventas","410101","account.data_account_type_expenses","l10n_chart_sv.account_chart_template_0","FALSE"
"account_account_template_0_410102","Costos por Servicios","410102","account.data_account_type_expenses","l10n_chart_sv.account_chart_template_0","FALSE"
"account_account_template_0_4102","Gastos de Operacion","4102","account.data_account_type_expenses","l10n_chart_sv.account_chart_template_0","FALSE"
"account_account_template_0_410201","GASTOS DE ADMINISTRACION","410201","account.data_account_type_expenses","l10n_chart_sv.account_chart_template_0","FALSE"
"account_account_template_0_41020101","Sueldos y Salarios","41020101","account.data_account_type_expenses","l10n_chart_sv.account_chart_template_0","FALSE"
"account_account_template_0_41020102","Combustible de Equipo de Transporte","41020102","account.data_account_type_expenses","l10n_chart_sv.account_chart_template_0","FALSE"
"account_account_template_0_41020103","Mantenimiento Equipo de Transporte","41020103","account.data_account_type_expenses","l10n_chart_sv.account_chart_template_0","FALSE"
"account_account_template_0_41020104","Honorarios","41020104","account.data_account_type_expenses","l10n_chart_sv.account_chart_template_0","FALSE"
"account_account_template_0_41020105","Agua Potable","41020105","account.data_account_type_expenses","l10n_chart_sv.account_chart_template_0","FALSE"
"account_account_template_0_41020106","Internet","41020106","account.data_account_type_expenses","l10n_chart_sv.account_chart_template_0","FALSE"
"account_account_template_0_41020107","Servicios Medicos","41020107","account.data_account_type_expenses","l10n_chart_sv.account_chart_template_0","FALSE"
"account_account_template_0_41020108","Capacitacion al Personal","41020108","account.data_account_type_expenses","l10n_chart_sv.account_chart_template_0","FALSE"
"account_account_template_0_41020109","Luz y Fuerza","41020109","account.data_account_type_expenses","l10n_chart_sv.account_chart_template_0","FALSE"
"account_account_template_0_41020110","Telefono","41020110","account.data_account_type_expenses","l10n_chart_sv.account_chart_template_0","FALSE"
"account_account_template_0_41020111","Tiempo Extra","41020111","account.data_account_type_expenses","l10n_chart_sv.account_chart_template_0","FALSE"
"account_account_template_0_41020112","Vacaciones","41020112","account.data_account_type_expenses","l10n_chart_sv.account_chart_template_0","FALSE"
"account_account_template_0_41020113","Aguinaldos","41020113","account.data_account_type_expenses","l10n_chart_sv.account_chart_template_0","FALSE"
"account_account_template_0_41020114","Indemnizaciones","41020114","account.data_account_type_expenses","l10n_chart_sv.account_chart_template_0","FALSE"
"account_account_template_0_41020115","Mensajeria","41020115","account.data_account_type_expenses","l10n_chart_sv.account_chart_template_0","FALSE"
"account_account_template_0_41020116","Papeleria y Utiles","41020116","account.data_account_type_expenses","l10n_chart_sv.account_chart_template_0","FALSE"
"account_account_template_0_41020117","Insaforp","41020117","account.data_account_type_expenses","l10n_chart_sv.account_chart_template_0","FALSE"
"account_account_template_0_41020118","I.S.S.S","41020118","account.data_account_type_expenses","l10n_chart_sv.account_chart_template_0","FALSE"
"account_account_template_0_41020119","AFP`s","41020119","account.data_account_type_expenses","l10n_chart_sv.account_chart_template_0","FALSE"
"account_account_template_0_41020120","Arrendamiento de Inmuebles","41020120","account.data_account_type_expenses","l10n_chart_sv.account_chart_template_0","FALSE"
"account_account_template_0_41020121","Arrendamiento de Muebles","41020121","account.data_account_type_expenses","l10n_chart_sv.account_chart_template_0","FALSE"
"account_account_template_0_41020122","Mantenimiento de Inmuebles","41020122","account.data_account_type_expenses","l10n_chart_sv.account_chart_template_0","FALSE"
"account_account_template_0_41020123","Mantenimiento de Muebles","41020123","account.data_account_type_expenses","l10n_chart_sv.account_chart_template_0","FALSE"
"account_account_template_0_41020124","Cuentas Incobrables","41020124","account.data_account_type_expenses","l10n_chart_sv.account_chart_template_0","FALSE"
"account_account_template_0_41020125","Cuota y Suscripcion","41020125","account.data_account_type_expenses","l10n_chart_sv.account_chart_template_0","FALSE"
"account_account_template_0_41020126","Viaticos y Alimentacion","41020126","account.data_account_type_expenses","l10n_chart_sv.account_chart_template_0","FALSE"
"account_account_template_0_41020127","Seguros","41020127","account.data_account_type_expenses","l10n_chart_sv.account_chart_template_0","FALSE"
"account_account_template_0_41020128","Vigilancia","41020128","account.data_account_type_expenses","l10n_chart_sv.account_chart_template_0","FALSE"
"account_account_template_0_41020129","Impuestos Municipales","41020129","account.data_account_type_expenses","l10n_chart_sv.account_chart_template_0","FALSE"
"account_account_template_0_41020130","Depreciaciones","41020130","account.data_account_type_depreciation","l10n_chart_sv.account_chart_template_0","FALSE"
"account_account_template_0_41020131","Registro de Comercio","41020131","account.data_account_type_expenses","l10n_chart_sv.account_chart_template_0","FALSE"
"account_account_template_0_41020132","Estadisticas y Censos","41020132","account.data_account_type_expenses","l10n_chart_sv.account_chart_template_0","FALSE"
"account_account_template_0_41020133","Varios","41020133","account.data_account_type_expenses","l10n_chart_sv.account_chart_template_0","FALSE"
"account_account_template_0_41020134","Gastos No Deducibles","41020134","account.data_account_type_expenses","l10n_chart_sv.account_chart_template_0","FALSE"
"account_account_template_0_410202","GASTOS DE VENTAS","410202","account.data_account_type_expenses","l10n_chart_sv.account_chart_template_0","FALSE"
"account_account_template_0_41020201","Sueldos y Salarios","41020201","account.data_account_type_expenses","l10n_chart_sv.account_chart_template_0","FALSE"
"account_account_template_0_41020202","Combustible de Equipo de Transporte","41020202","account.data_account_type_expenses","l10n_chart_sv.account_chart_template_0","FALSE"
"account_account_template_0_41020203","Mantenimiento Equipo Transporte","41020203","account.data_account_type_expenses","l10n_chart_sv.account_chart_template_0","FALSE"
"account_account_template_0_41020204","Honorarios","41020204","account.data_account_type_expenses","l10n_chart_sv.account_chart_template_0","FALSE"
"account_account_template_0_41020205","Agua Potable","41020205","account.data_account_type_expenses","l10n_chart_sv.account_chart_template_0","FALSE"
"account_account_template_0_41020206","Comisiones y Bonificaciones","41020206","account.data_account_type_expenses","l10n_chart_sv.account_chart_template_0","FALSE"
"account_account_template_0_41020207","Servicios Medicos","41020207","account.data_account_type_expenses","l10n_chart_sv.account_chart_template_0","FALSE"
"account_account_template_0_41020208","Capacitaciones al Personal","41020208","account.data_account_type_expenses","l10n_chart_sv.account_chart_template_0","FALSE"
"account_account_template_0_41020209","Luz y Fuerza","41020209","account.data_account_type_expenses","l10n_chart_sv.account_chart_template_0","FALSE"
"account_account_template_0_41020210","Telefono","41020210","account.data_account_type_expenses","l10n_chart_sv.account_chart_template_0","FALSE"
"account_account_template_0_41020211","Tiempo Extra","41020211","account.data_account_type_expenses","l10n_chart_sv.account_chart_template_0","FALSE"
"account_account_template_0_41020212","Vacaciones","41020212","account.data_account_type_expenses","l10n_chart_sv.account_chart_template_0","FALSE"
"account_account_template_0_41020213","Aguinaldo","41020213","account.data_account_type_expenses","l10n_chart_sv.account_chart_template_0","FALSE"
"account_account_template_0_41020214","Indemnizaciones","41020214","account.data_account_type_expenses","l10n_chart_sv.account_chart_template_0","FALSE"
"account_account_template_0_41020215","Mensajeria","41020215","account.data_account_type_expenses","l10n_chart_sv.account_chart_template_0","FALSE"
"account_account_template_0_41020216","Papeleria y Utiles","41020216","account.data_account_type_expenses","l10n_chart_sv.account_chart_template_0","FALSE"
"account_account_template_0_41020217","Insaforp","41020217","account.data_account_type_expenses","l10n_chart_sv.account_chart_template_0","FALSE"
"account_account_template_0_41020218","I.S.S.S.","41020218","account.data_account_type_expenses","l10n_chart_sv.account_chart_template_0","FALSE"
"account_account_template_0_41020219","A.F.P.`s.","41020219","account.data_account_type_expenses","l10n_chart_sv.account_chart_template_0","FALSE"
"account_account_template_0_41020220","Arrendamiento de Inmuebles","41020220","account.data_account_type_expenses","l10n_chart_sv.account_chart_template_0","FALSE"
"account_account_template_0_41020221","Arrendamiento de Muebles","41020221","account.data_account_type_expenses","l10n_chart_sv.account_chart_template_0","FALSE"
"account_account_template_0_41020222","Mantenimiento de Inmuebles","41020222","account.data_account_type_expenses","l10n_chart_sv.account_chart_template_0","FALSE"
"account_account_template_0_41020223","Mantenimiento de Muebles","41020223","account.data_account_type_expenses","l10n_chart_sv.account_chart_template_0","FALSE"
"account_account_template_0_41020224","Cuentas Incobrables","41020224","account.data_account_type_expenses","l10n_chart_sv.account_chart_template_0","FALSE"
"account_account_template_0_41020225","Cuota y Suscripcion","41020225","account.data_account_type_expenses","l10n_chart_sv.account_chart_template_0","FALSE"
"account_account_template_0_41020226","Viaticos y Alimentacion","41020226","account.data_account_type_expenses","l10n_chart_sv.account_chart_template_0","FALSE"
"account_account_template_0_41020227","Seguros","41020227","account.data_account_type_expenses","l10n_chart_sv.account_chart_template_0","FALSE"
"account_account_template_0_41020228","Vigilancia","41020228","account.data_account_type_expenses","l10n_chart_sv.account_chart_template_0","FALSE"
"account_account_template_0_41020229","Impuestos Municipales","41020229","account.data_account_type_expenses","l10n_chart_sv.account_chart_template_0","FALSE"
"account_account_template_0_41020230","Depreciaciones","41020230","account.data_account_type_depreciation","l10n_chart_sv.account_chart_template_0","FALSE"
"account_account_template_0_41020231","Registro de Comercio","41020231","account.data_account_type_expenses","l10n_chart_sv.account_chart_template_0","FALSE"
"account_account_template_0_41020232","Estadisticas y Censos","41020232","account.data_account_type_expenses","l10n_chart_sv.account_chart_template_0","FALSE"
"account_account_template_0_41020233","Muestras","41020233","account.data_account_type_expenses","l10n_chart_sv.account_chart_template_0","FALSE"
"account_account_template_0_41020234","Gastos No Deducibles","41020234","account.data_account_type_expenses","l10n_chart_sv.account_chart_template_0","FALSE"
"account_account_template_0_41020235","Amortizacion de Intangibles","41020235","account.data_account_type_expenses","l10n_chart_sv.account_chart_template_0","FALSE"
"account_account_template_0_410203","GASTOS FINANCIEROS","410203","account.data_account_type_expenses","l10n_chart_sv.account_chart_template_0","FALSE"
"account_account_template_0_41020301","Intereses","41020301","account.data_account_type_expenses","l10n_chart_sv.account_chart_template_0","FALSE"
"account_account_template_0_41020302","Comisiones","41020302","account.data_account_type_expenses","l10n_chart_sv.account_chart_template_0","FALSE"
"account_account_template_0_42","OTROS GASTOS NO DE OPERACION","42","account.data_account_type_expenses","l10n_chart_sv.account_chart_template_0","FALSE"
"account_account_template_0_4201","Otros Gastos","4201","account.data_account_type_expenses","l10n_chart_sv.account_chart_template_0","FALSE"
"account_account_template_0_420101","Donaciones","420101","account.data_account_type_expenses","l10n_chart_sv.account_chart_template_0","FALSE"
"account_account_template_0_420102","Perdida por Retiro de Activos","420102","account.data_account_type_expenses","l10n_chart_sv.account_chart_template_0","FALSE"
"account_account_template_0_420103","Ajustes de Periodos Anteriores","420103","account.data_account_type_expenses","l10n_chart_sv.account_chart_template_0","FALSE"
"account_account_template_0_43","GASTOS POR RESULTADOS INTEGRALES","43","account.data_account_type_expenses","l10n_chart_sv.account_chart_template_0","FALSE"
"account_account_template_0_4301","Gastos Integrales","4301","account.data_account_type_expenses","l10n_chart_sv.account_chart_template_0","FALSE"
"account_account_template_0_430101","Gastos por Fluctuaciones Integrales","430101","account.data_account_type_expenses","l10n_chart_sv.account_chart_template_0","FALSE"
"account_account_template_0_430102","Fluctuaciones en Cuentas por Cobrar","430102","account.data_account_type_expenses","l10n_chart_sv.account_chart_template_0","FALSE"
"account_account_template_0_430103","Fluctuaciones en Inventario","430103","account.data_account_type_expenses","l10n_chart_sv.account_chart_template_0","FALSE"
"account_account_template_0_430104","Fluctuaciones en Propiedad Planta y Equipo","430104","account.data_account_type_expenses","l10n_chart_sv.account_chart_template_0","FALSE"
"account_account_template_0_430105","Cambio en valor Razonable del Bitcoin","430105","account.data_account_type_expenses","l10n_chart_sv.account_chart_template_0","FALSE"
"account_account_template_0_51","INGRESOS DE OPERACION","51","account.data_account_type_revenue","l10n_chart_sv.account_chart_template_0","FALSE"
"account_account_template_0_5101","Ingresos","5101","account.data_account_type_revenue","l10n_chart_sv.account_chart_template_0","FALSE"
"account_account_template_0_510101","Ingresos por Ventas","510101","account.data_account_type_revenue","l10n_chart_sv.account_chart_template_0","FALSE"
"account_account_template_0_510102","Ingresos por Servicios","510102","account.data_account_type_revenue","l10n_chart_sv.account_chart_template_0","FALSE"
"account_account_template_0_510103","Ingresos por Proyectos","510103","account.data_account_type_revenue","l10n_chart_sv.account_chart_template_0","FALSE"
"account_account_template_0_52","INGRESOS NO DE OPERACION","52","account.data_account_type_other_income","l10n_chart_sv.account_chart_template_0","FALSE"
"account_account_template_0_5201","Ingresos","5201","account.data_account_type_other_income","l10n_chart_sv.account_chart_template_0","FALSE"
"account_account_template_0_520101","Dividendos","520101","account.data_account_type_other_income","l10n_chart_sv.account_chart_template_0","FALSE"
"account_account_template_0_520102","Ganancia en Venta de Activo No Corriente","520102","account.data_account_type_other_income","l10n_chart_sv.account_chart_template_0","FALSE"
"account_account_template_0_520103","Ajuste de Periodos Anteriores","520103","account.data_account_type_other_income","l10n_chart_sv.account_chart_template_0","FALSE"
"account_account_template_0_53","INGRESOS POR RESULTADOS INTEGRALES","53","account.data_account_type_other_income","l10n_chart_sv.account_chart_template_0","FALSE"
"account_account_template_0_5301","Ingresos Integrales","5301","account.data_account_type_other_income","l10n_chart_sv.account_chart_template_0","FALSE"
"account_account_template_0_530101","Ingresos por Fluctuaciones Integrales","530101","account.data_account_type_other_income","l10n_chart_sv.account_chart_template_0","FALSE"
"account_account_template_0_53010101","Fluctuaciones en Cuentas Por Cobrar","53010101","account.data_account_type_other_income","l10n_chart_sv.account_chart_template_0","FALSE"
"account_account_template_0_53010102","Flutuaciones en Inventarios","53010102","account.data_account_type_other_income","l10n_chart_sv.account_chart_template_0","FALSE"
"account_account_template_0_53010103","Fluctuaciones en Propiedad Planta y Equipo","53010103","account.data_account_type_other_income","l10n_chart_sv.account_chart_template_0","FALSE"
"account_account_template_0_53010104","Fluctuaciones en Bitcoin","53010104","account.data_account_type_other_income","l10n_chart_sv.account_chart_template_0","FALSE"
"account_account_template_0_6","CUENTAS LIQUIDADORAS DE RESULTADO","6","account.data_account_type_revenue","l10n_chart_sv.account_chart_template_0","FALSE"
"account_account_template_0_61","CUENTAS DE CIERRES","61","account.data_account_type_revenue","l10n_chart_sv.account_chart_template_0","FALSE"
"account_account_template_0_6101","P√®rdidas y Ganacias","6101","account.data_account_type_revenue","l10n_chart_sv.account_chart_template_0","FALSE"
"account_account_template_0_610101","Perdidas y Ganancias","610101","account.data_account_type_revenue","l10n_chart_sv.account_chart_template_0","FALSE"
"account_account_template_0_7","CUENTAS CONTINGENTES DE ORDEN ACREEDORAS","7","account.data_account_type_current_liabilities","l10n_chart_sv.account_chart_template_0","FALSE"
"account_account_template_0_71","CUENTAS CONTINGENTES DE ORDEN DEUDORAS","71","account.data_account_type_current_liabilities","l10n_chart_sv.account_chart_template_0","FALSE"
"account_account_template_0_7101","Cuentas Contingentes de Orden Deudoras","7101","account.data_account_type_current_liabilities","l10n_chart_sv.account_chart_template_0","FALSE"
"account_account_template_0_710101","Cuentas de Orden Deudoras","710101","account.data_account_type_current_liabilities","l10n_chart_sv.account_chart_template_0","FALSE"
"account_account_template_0_8","CUENTAS CONTINGENTES DE ORDEN ACREEDORAS","8","account.data_account_type_current_liabilities","l10n_chart_sv.account_chart_template_0","FALSE"
"account_account_template_0_81","CUENTAS CONTINGENTES DE ORDEN ACREEDORAS","81","account.data_account_type_current_liabilities","l10n_chart_sv.account_chart_template_0","FALSE"
"account_account_template_0_8101","Cuentass Contingentes de Orden Acreedoras","8101","account.data_account_type_current_liabilities","l10n_chart_sv.account_chart_template_0","FALSE"
"account_account_template_0_810101","Cuentas de Orden Acreedoras","810101","account.data_account_type_current_liabilities","l10n_chart_sv.account_chart_template_0","FALSE"